{"main/metric": 0.99, "other_metrics/metric_0": 0.0, "other_metrics/metric_1": 0.031410759078128236, "other_metrics/metric_2": -0.06279051952931326, "other_metrics/metric_3": 0.09410831331851414, "other_metrics/metric_4": -0.125333233564304, "other_metrics/metric_5": 0.15643446504023234, "other_metrics/metric_6": -0.1873813145857243, "other_metrics/metric_7": 0.2181432413965439, "other_metrics/metric_8": -0.24868988716485435, "other_metrics/metric_9": 0.2789911060392305, "_timestamp": 1683297297.3561947, "_runtime": 1.7702858448028564, "_step": 100, "multiline_table": {"_type": "table-file", "sha256": "d1ee3babdc124ff8a95760166540ed4b15d9aed543d393816aa8af1c32a1384e", "size": 50595, "artifact_path": "wandb-client-artifact://hozamn1mzkjr2b6zbspghfaz2yvzzkabs1710hh2j2n2e8q17d0x0188fffqykt3k882sy6t4sc8x2or7z4sg80wxve6t65pe2mlwuh8pfzr5uy5lcfgnzk6ao912mj5:latest/multiline_table.table.json", "_latest_artifact_path": "wandb-client-artifact://hozamn1mzkjr2b6zbspghfaz2yvzzkabs1710hh2j2n2e8q17d0x0188fffqykt3k882sy6t4sc8x2or7z4sg80wxve6t65pe2mlwuh8pfzr5uy5lcfgnzk6ao912mj5:latest/multiline_table.table.json", "path": "media/table/multiline_table_100_d1ee3babdc124ff8a957.table.json", "ncols": 3, "nrows": 1000}, "_wandb": {"runtime": 0}}