{
    "os": "Linux-6.2.12-arch1-g14-3-x86_64-with-glibc2.35",
    "python": "3.9.16",
    "heartbeatAt": "2023-05-05T14:34:56.622327",
    "startedAt": "2023-05-05T14:34:55.581388",
    "docker": null,
    "cuda": null,
    "args": [],
    "state": "running",
    "program": "/home/gene.jax/test.py",
    "codePath": "test.py",
    "git": {
        "remote": null,
        "commit": null
    },
    "email": "arxaqapi@protonmail.com",
    "root": "/home/gene.jax",
    "host": "5c8f34ddc4ac",
    "username": "flipidi",
    "executable": "/usr/bin/python3",
    "cpu_count": 8,
    "cpu_count_logical": 16,
    "cpu_freq": {
        "current": 3591.0560625000003,
        "min": 1200.0,
        "max": 3200.0
    },
    "cpu_freq_per_core": [
        {
            "current": 3685.95,
            "min": 1200.0,
            "max": 3200.0
        },
        {
            "current": 3295.529,
            "min": 1200.0,
            "max": 3200.0
        },
        {
            "current": 4019.577,
            "min": 1200.0,
            "max": 3200.0
        },
        {
            "current": 3790.889,
            "min": 1200.0,
            "max": 3200.0
        },
        {
            "current": 4024.453,
            "min": 1200.0,
            "max": 3200.0
        },
        {
            "current": 3658.905,
            "min": 1200.0,
            "max": 3200.0
        },
        {
            "current": 3246.65,
            "min": 1200.0,
            "max": 3200.0
        },
        {
            "current": 3300.788,
            "min": 1200.0,
            "max": 3200.0
        },
        {
            "current": 3620.864,
            "min": 1200.0,
            "max": 3200.0
        },
        {
            "current": 3255.815,
            "min": 1200.0,
            "max": 3200.0
        },
        {
            "current": 3705.505,
            "min": 1200.0,
            "max": 3200.0
        },
        {
            "current": 3261.652,
            "min": 1200.0,
            "max": 3200.0
        },
        {
            "current": 3241.123,
            "min": 1200.0,
            "max": 3200.0
        },
        {
            "current": 4017.308,
            "min": 1200.0,
            "max": 3200.0
        },
        {
            "current": 3838.883,
            "min": 1200.0,
            "max": 3200.0
        },
        {
            "current": 3493.006,
            "min": 1200.0,
            "max": 3200.0
        }
    ],
    "disk": {
        "total": 369.9562339782715,
        "used": 269.4773750305176
    },
    "gpu": "NVIDIA GeForce GTX 1650 with Max-Q Design",
    "gpu_count": 1,
    "gpu_devices": [
        {
            "name": "NVIDIA GeForce GTX 1650 with Max-Q Design",
            "memory_total": 4294967296
        }
    ],
    "memory": {
        "total": 15.034568786621094
    }
}
