{
    "os": "Linux-6.2.12-arch1-g14-3-x86_64-with-glibc2.35",
    "python": "3.9.16",
    "heartbeatAt": "2023-05-05T15:24:47.362770",
    "startedAt": "2023-05-05T15:24:46.527418",
    "docker": null,
    "cuda": null,
    "args": [],
    "state": "running",
    "program": "/home/gene.jax/run.py",
    "codePath": "run.py",
    "git": {
        "remote": null,
        "commit": null
    },
    "email": "arxaqapi@protonmail.com",
    "root": "/home/gene.jax",
    "host": "5c8f34ddc4ac",
    "username": "flipidi",
    "executable": "/usr/bin/python",
    "cpu_count": 8,
    "cpu_count_logical": 16,
    "cpu_freq": {
        "current": 2798.9141875000005,
        "min": 1200.0,
        "max": 3200.0
    },
    "cpu_freq_per_core": [
        {
            "current": 3811.943,
            "min": 1200.0,
            "max": 3200.0
        },
        {
            "current": 3387.336,
            "min": 1200.0,
            "max": 3200.0
        },
        {
            "current": 3277.685,
            "min": 1200.0,
            "max": 3200.0
        },
        {
            "current": 3302.873,
            "min": 1200.0,
            "max": 3200.0
        },
        {
            "current": 4100.474,
            "min": 1200.0,
            "max": 3200.0
        },
        {
            "current": 1200.0,
            "min": 1200.0,
            "max": 3200.0
        },
        {
            "current": 3278.972,
            "min": 1200.0,
            "max": 3200.0
        },
        {
            "current": 1200.0,
            "min": 1200.0,
            "max": 3200.0
        },
        {
            "current": 3306.01,
            "min": 1200.0,
            "max": 3200.0
        },
        {
            "current": 1200.0,
            "min": 1200.0,
            "max": 3200.0
        },
        {
            "current": 3279.051,
            "min": 1200.0,
            "max": 3200.0
        },
        {
            "current": 1200.0,
            "min": 1200.0,
            "max": 3200.0
        },
        {
            "current": 3933.2,
            "min": 1200.0,
            "max": 3200.0
        },
        {
            "current": 4084.388,
            "min": 1200.0,
            "max": 3200.0
        },
        {
            "current": 4055.448,
            "min": 1200.0,
            "max": 3200.0
        },
        {
            "current": 1200.0,
            "min": 1200.0,
            "max": 3200.0
        }
    ],
    "disk": {
        "total": 369.9562339782715,
        "used": 269.49755477905273
    },
    "gpu": "NVIDIA GeForce GTX 1650 with Max-Q Design",
    "gpu_count": 1,
    "gpu_devices": [
        {
            "name": "NVIDIA GeForce GTX 1650 with Max-Q Design",
            "memory_total": 4294967296
        }
    ],
    "memory": {
        "total": 15.034568786621094
    }
}
