{
    "os": "Linux-6.2.12-arch1-g14-3-x86_64-with-glibc2.35",
    "python": "3.9.16",
    "heartbeatAt": "2023-05-05T15:34:04.673262",
    "startedAt": "2023-05-05T15:34:03.862804",
    "docker": null,
    "cuda": null,
    "args": [],
    "state": "running",
    "program": "/home/gene.jax/run.py",
    "codePath": "run.py",
    "git": {
        "remote": null,
        "commit": null
    },
    "email": "arxaqapi@protonmail.com",
    "root": "/home/gene.jax",
    "host": "5c8f34ddc4ac",
    "username": "flipidi",
    "executable": "/usr/bin/python",
    "cpu_count": 8,
    "cpu_count_logical": 16,
    "cpu_freq": {
        "current": 2860.3005625000005,
        "min": 1200.0,
        "max": 3200.0
    },
    "cpu_freq_per_core": [
        {
            "current": 3505.088,
            "min": 1200.0,
            "max": 3200.0
        },
        {
            "current": 3422.507,
            "min": 1200.0,
            "max": 3200.0
        },
        {
            "current": 3200.0,
            "min": 1200.0,
            "max": 3200.0
        },
        {
            "current": 3927.642,
            "min": 1200.0,
            "max": 3200.0
        },
        {
            "current": 3417.585,
            "min": 1200.0,
            "max": 3200.0
        },
        {
            "current": 3200.0,
            "min": 1200.0,
            "max": 3200.0
        },
        {
            "current": 3681.113,
            "min": 1200.0,
            "max": 3200.0
        },
        {
            "current": 1200.0,
            "min": 1200.0,
            "max": 3200.0
        },
        {
            "current": 1200.0,
            "min": 1200.0,
            "max": 3200.0
        },
        {
            "current": 3299.952,
            "min": 1200.0,
            "max": 3200.0
        },
        {
            "current": 3263.217,
            "min": 1200.0,
            "max": 3200.0
        },
        {
            "current": 1200.0,
            "min": 1200.0,
            "max": 3200.0
        },
        {
            "current": 3630.711,
            "min": 1200.0,
            "max": 3200.0
        },
        {
            "current": 2395.425,
            "min": 1200.0,
            "max": 3200.0
        },
        {
            "current": 4120.602,
            "min": 1200.0,
            "max": 3200.0
        },
        {
            "current": 4109.819,
            "min": 1200.0,
            "max": 3200.0
        }
    ],
    "disk": {
        "total": 369.9562339782715,
        "used": 269.5005302429199
    },
    "gpu": "NVIDIA GeForce GTX 1650 with Max-Q Design",
    "gpu_count": 1,
    "gpu_devices": [
        {
            "name": "NVIDIA GeForce GTX 1650 with Max-Q Design",
            "memory_total": 4294967296
        }
    ],
    "memory": {
        "total": 15.034568786621094
    }
}
