{
    "os": "Linux-6.2.12-arch1-g14-3-x86_64-with-glibc2.35",
    "python": "3.9.16",
    "heartbeatAt": "2023-05-05T14:49:29.658243",
    "startedAt": "2023-05-05T14:49:28.844929",
    "docker": null,
    "cuda": null,
    "args": [],
    "state": "running",
    "program": "/home/gene.jax/run.py",
    "codePath": "run.py",
    "git": {
        "remote": null,
        "commit": null
    },
    "email": "arxaqapi@protonmail.com",
    "root": "/home/gene.jax",
    "host": "5c8f34ddc4ac",
    "username": "flipidi",
    "executable": "/usr/bin/python",
    "cpu_count": 8,
    "cpu_count_logical": 16,
    "cpu_freq": {
        "current": 3549.4718124999995,
        "min": 1200.0,
        "max": 3200.0
    },
    "cpu_freq_per_core": [
        {
            "current": 3326.252,
            "min": 1200.0,
            "max": 3200.0
        },
        {
            "current": 3532.891,
            "min": 1200.0,
            "max": 3200.0
        },
        {
            "current": 3361.089,
            "min": 1200.0,
            "max": 3200.0
        },
        {
            "current": 3321.964,
            "min": 1200.0,
            "max": 3200.0
        },
        {
            "current": 2911.028,
            "min": 1200.0,
            "max": 3200.0
        },
        {
            "current": 3678.095,
            "min": 1200.0,
            "max": 3200.0
        },
        {
            "current": 3715.713,
            "min": 1200.0,
            "max": 3200.0
        },
        {
            "current": 3528.242,
            "min": 1200.0,
            "max": 3200.0
        },
        {
            "current": 4107.193,
            "min": 1200.0,
            "max": 3200.0
        },
        {
            "current": 3273.344,
            "min": 1200.0,
            "max": 3200.0
        },
        {
            "current": 3328.622,
            "min": 1200.0,
            "max": 3200.0
        },
        {
            "current": 3283.285,
            "min": 1200.0,
            "max": 3200.0
        },
        {
            "current": 4262.067,
            "min": 1200.0,
            "max": 3200.0
        },
        {
            "current": 4221.545,
            "min": 1200.0,
            "max": 3200.0
        },
        {
            "current": 3537.337,
            "min": 1200.0,
            "max": 3200.0
        },
        {
            "current": 3402.882,
            "min": 1200.0,
            "max": 3200.0
        }
    ],
    "disk": {
        "total": 369.9562339782715,
        "used": 269.48426055908203
    },
    "gpu": "NVIDIA GeForce GTX 1650 with Max-Q Design",
    "gpu_count": 1,
    "gpu_devices": [
        {
            "name": "NVIDIA GeForce GTX 1650 with Max-Q Design",
            "memory_total": 4294967296
        }
    ],
    "memory": {
        "total": 15.034568786621094
    }
}
