{
    "os": "Linux-6.2.12-arch1-g14-3-x86_64-with-glibc2.35",
    "python": "3.9.16",
    "heartbeatAt": "2023-05-05T14:59:49.429859",
    "startedAt": "2023-05-05T14:59:48.618929",
    "docker": null,
    "cuda": null,
    "args": [],
    "state": "running",
    "program": "/home/gene.jax/run.py",
    "codePath": "run.py",
    "git": {
        "remote": null,
        "commit": null
    },
    "email": "arxaqapi@protonmail.com",
    "root": "/home/gene.jax",
    "host": "5c8f34ddc4ac",
    "username": "flipidi",
    "executable": "/usr/bin/python",
    "cpu_count": 8,
    "cpu_count_logical": 16,
    "cpu_freq": {
        "current": 3515.0894375000003,
        "min": 1200.0,
        "max": 3200.0
    },
    "cpu_freq_per_core": [
        {
            "current": 3806.98,
            "min": 1200.0,
            "max": 3200.0
        },
        {
            "current": 3890.779,
            "min": 1200.0,
            "max": 3200.0
        },
        {
            "current": 3693.931,
            "min": 1200.0,
            "max": 3200.0
        },
        {
            "current": 3219.439,
            "min": 1200.0,
            "max": 3200.0
        },
        {
            "current": 3831.665,
            "min": 1200.0,
            "max": 3200.0
        },
        {
            "current": 3502.485,
            "min": 1200.0,
            "max": 3200.0
        },
        {
            "current": 4017.162,
            "min": 1200.0,
            "max": 3200.0
        },
        {
            "current": 4016.528,
            "min": 1200.0,
            "max": 3200.0
        },
        {
            "current": 4016.743,
            "min": 1200.0,
            "max": 3200.0
        },
        {
            "current": 4003.746,
            "min": 1200.0,
            "max": 3200.0
        },
        {
            "current": 4016.631,
            "min": 1200.0,
            "max": 3200.0
        },
        {
            "current": 4017.215,
            "min": 1200.0,
            "max": 3200.0
        },
        {
            "current": 4016.999,
            "min": 1200.0,
            "max": 3200.0
        },
        {
            "current": 4016.469,
            "min": 1200.0,
            "max": 3200.0
        },
        {
            "current": 4016.781,
            "min": 1200.0,
            "max": 3200.0
        },
        {
            "current": 4017.414,
            "min": 1200.0,
            "max": 3200.0
        }
    ],
    "disk": {
        "total": 369.9562339782715,
        "used": 269.4977493286133
    },
    "gpu": "NVIDIA GeForce GTX 1650 with Max-Q Design",
    "gpu_count": 1,
    "gpu_devices": [
        {
            "name": "NVIDIA GeForce GTX 1650 with Max-Q Design",
            "memory_total": 4294967296
        }
    ],
    "memory": {
        "total": 15.034568786621094
    }
}
