{
    "os": "Linux-6.2.12-arch1-g14-3-x86_64-with-glibc2.35",
    "python": "3.9.16",
    "heartbeatAt": "2023-05-05T15:34:56.506997",
    "startedAt": "2023-05-05T15:34:55.588417",
    "docker": null,
    "cuda": null,
    "args": [],
    "state": "running",
    "program": "/home/gene.jax/run.py",
    "codePath": "run.py",
    "git": {
        "remote": null,
        "commit": null
    },
    "email": "arxaqapi@protonmail.com",
    "root": "/home/gene.jax",
    "host": "5c8f34ddc4ac",
    "username": "flipidi",
    "executable": "/usr/bin/python",
    "cpu_count": 8,
    "cpu_count_logical": 16,
    "cpu_freq": {
        "current": 3779.1434999999997,
        "min": 1200.0,
        "max": 3200.0
    },
    "cpu_freq_per_core": [
        {
            "current": 3233.732,
            "min": 1200.0,
            "max": 3200.0
        },
        {
            "current": 3768.266,
            "min": 1200.0,
            "max": 3200.0
        },
        {
            "current": 3257.609,
            "min": 1200.0,
            "max": 3200.0
        },
        {
            "current": 3591.392,
            "min": 1200.0,
            "max": 3200.0
        },
        {
            "current": 3575.346,
            "min": 1200.0,
            "max": 3200.0
        },
        {
            "current": 3978.353,
            "min": 1200.0,
            "max": 3200.0
        },
        {
            "current": 3788.9,
            "min": 1200.0,
            "max": 3200.0
        },
        {
            "current": 3910.508,
            "min": 1200.0,
            "max": 3200.0
        },
        {
            "current": 3227.918,
            "min": 1200.0,
            "max": 3200.0
        },
        {
            "current": 3529.038,
            "min": 1200.0,
            "max": 3200.0
        },
        {
            "current": 4031.693,
            "min": 1200.0,
            "max": 3200.0
        },
        {
            "current": 4030.518,
            "min": 1200.0,
            "max": 3200.0
        },
        {
            "current": 4036.438,
            "min": 1200.0,
            "max": 3200.0
        },
        {
            "current": 4020.618,
            "min": 1200.0,
            "max": 3200.0
        },
        {
            "current": 3222.885,
            "min": 1200.0,
            "max": 3200.0
        },
        {
            "current": 3214.044,
            "min": 1200.0,
            "max": 3200.0
        }
    ],
    "disk": {
        "total": 369.9562339782715,
        "used": 269.50001525878906
    },
    "gpu": "NVIDIA GeForce GTX 1650 with Max-Q Design",
    "gpu_count": 1,
    "gpu_devices": [
        {
            "name": "NVIDIA GeForce GTX 1650 with Max-Q Design",
            "memory_total": 4294967296
        }
    ],
    "memory": {
        "total": 15.034568786621094
    }
}
