{
    "os": "Linux-6.2.12-arch1-g14-3-x86_64-with-glibc2.35",
    "python": "3.9.16",
    "heartbeatAt": "2023-05-05T14:31:35.874202",
    "startedAt": "2023-05-05T14:31:34.876971",
    "docker": null,
    "cuda": null,
    "args": [],
    "state": "running",
    "program": "/home/gene.jax/test.py",
    "codePath": "test.py",
    "git": {
        "remote": null,
        "commit": null
    },
    "email": "arxaqapi@protonmail.com",
    "root": "/home/gene.jax",
    "host": "5c8f34ddc4ac",
    "username": "flipidi",
    "executable": "/usr/bin/python3",
    "cpu_count": 8,
    "cpu_count_logical": 16,
    "cpu_freq": {
        "current": 3312.9736875,
        "min": 1200.0,
        "max": 3200.0
    },
    "cpu_freq_per_core": [
        {
            "current": 3312.002,
            "min": 1200.0,
            "max": 3200.0
        },
        {
            "current": 3490.922,
            "min": 1200.0,
            "max": 3200.0
        },
        {
            "current": 1472.951,
            "min": 1200.0,
            "max": 3200.0
        },
        {
            "current": 3275.492,
            "min": 1200.0,
            "max": 3200.0
        },
        {
            "current": 3439.858,
            "min": 1200.0,
            "max": 3200.0
        },
        {
            "current": 3621.524,
            "min": 1200.0,
            "max": 3200.0
        },
        {
            "current": 4131.555,
            "min": 1200.0,
            "max": 3200.0
        },
        {
            "current": 4090.278,
            "min": 1200.0,
            "max": 3200.0
        },
        {
            "current": 3384.418,
            "min": 1200.0,
            "max": 3200.0
        },
        {
            "current": 3316.206,
            "min": 1200.0,
            "max": 3200.0
        },
        {
            "current": 3944.508,
            "min": 1200.0,
            "max": 3200.0
        },
        {
            "current": 3944.304,
            "min": 1200.0,
            "max": 3200.0
        },
        {
            "current": 3746.0,
            "min": 1200.0,
            "max": 3200.0
        },
        {
            "current": 1200.0,
            "min": 1200.0,
            "max": 3200.0
        },
        {
            "current": 3318.509,
            "min": 1200.0,
            "max": 3200.0
        },
        {
            "current": 3319.052,
            "min": 1200.0,
            "max": 3200.0
        }
    ],
    "disk": {
        "total": 369.9562339782715,
        "used": 269.4738883972168
    },
    "gpu": "NVIDIA GeForce GTX 1650 with Max-Q Design",
    "gpu_count": 1,
    "gpu_devices": [
        {
            "name": "NVIDIA GeForce GTX 1650 with Max-Q Design",
            "memory_total": 4294967296
        }
    ],
    "memory": {
        "total": 15.034568786621094
    }
}
