{
    "os": "Linux-6.2.12-arch1-g14-3-x86_64-with-glibc2.35",
    "python": "3.9.16",
    "heartbeatAt": "2023-05-05T15:23:55.364518",
    "startedAt": "2023-05-05T15:23:54.450258",
    "docker": null,
    "cuda": null,
    "args": [],
    "state": "running",
    "program": "/home/gene.jax/run.py",
    "codePath": "run.py",
    "git": {
        "remote": null,
        "commit": null
    },
    "email": "arxaqapi@protonmail.com",
    "root": "/home/gene.jax",
    "host": "5c8f34ddc4ac",
    "username": "flipidi",
    "executable": "/usr/bin/python",
    "cpu_count": 8,
    "cpu_count_logical": 16,
    "cpu_freq": {
        "current": 3483.2591875000003,
        "min": 1200.0,
        "max": 3200.0
    },
    "cpu_freq_per_core": [
        {
            "current": 3629.672,
            "min": 1200.0,
            "max": 3200.0
        },
        {
            "current": 3362.19,
            "min": 1200.0,
            "max": 3200.0
        },
        {
            "current": 3254.891,
            "min": 1200.0,
            "max": 3200.0
        },
        {
            "current": 3275.76,
            "min": 1200.0,
            "max": 3200.0
        },
        {
            "current": 3261.304,
            "min": 1200.0,
            "max": 3200.0
        },
        {
            "current": 3269.871,
            "min": 1200.0,
            "max": 3200.0
        },
        {
            "current": 3272.683,
            "min": 1200.0,
            "max": 3200.0
        },
        {
            "current": 3271.136,
            "min": 1200.0,
            "max": 3200.0
        },
        {
            "current": 3628.968,
            "min": 1200.0,
            "max": 3200.0
        },
        {
            "current": 3443.096,
            "min": 1200.0,
            "max": 3200.0
        },
        {
            "current": 3254.408,
            "min": 1200.0,
            "max": 3200.0
        },
        {
            "current": 3200.0,
            "min": 1200.0,
            "max": 3200.0
        },
        {
            "current": 3462.774,
            "min": 1200.0,
            "max": 3200.0
        },
        {
            "current": 4025.042,
            "min": 1200.0,
            "max": 3200.0
        },
        {
            "current": 4083.032,
            "min": 1200.0,
            "max": 3200.0
        },
        {
            "current": 4037.32,
            "min": 1200.0,
            "max": 3200.0
        }
    ],
    "disk": {
        "total": 369.9562339782715,
        "used": 269.4974708557129
    },
    "gpu": "NVIDIA GeForce GTX 1650 with Max-Q Design",
    "gpu_count": 1,
    "gpu_devices": [
        {
            "name": "NVIDIA GeForce GTX 1650 with Max-Q Design",
            "memory_total": 4294967296
        }
    ],
    "memory": {
        "total": 15.034568786621094
    }
}
