{
    "os": "Linux-6.2.12-arch1-g14-3-x86_64-with-glibc2.35",
    "python": "3.9.16",
    "heartbeatAt": "2023-05-05T15:13:30.943345",
    "startedAt": "2023-05-05T15:13:30.017418",
    "docker": null,
    "cuda": null,
    "args": [],
    "state": "running",
    "program": "/home/gene.jax/run.py",
    "codePath": "run.py",
    "git": {
        "remote": null,
        "commit": null
    },
    "email": "arxaqapi@protonmail.com",
    "root": "/home/gene.jax",
    "host": "5c8f34ddc4ac",
    "username": "flipidi",
    "executable": "/usr/bin/python",
    "cpu_count": 8,
    "cpu_count_logical": 16,
    "cpu_freq": {
        "current": 3532.3259999999996,
        "min": 1200.0,
        "max": 3200.0
    },
    "cpu_freq_per_core": [
        {
            "current": 4070.392,
            "min": 1200.0,
            "max": 3200.0
        },
        {
            "current": 3989.998,
            "min": 1200.0,
            "max": 3200.0
        },
        {
            "current": 4100.412,
            "min": 1200.0,
            "max": 3200.0
        },
        {
            "current": 3961.571,
            "min": 1200.0,
            "max": 3200.0
        },
        {
            "current": 3279.896,
            "min": 1200.0,
            "max": 3200.0
        },
        {
            "current": 3473.592,
            "min": 1200.0,
            "max": 3200.0
        },
        {
            "current": 4087.935,
            "min": 1200.0,
            "max": 3200.0
        },
        {
            "current": 4107.154,
            "min": 1200.0,
            "max": 3200.0
        },
        {
            "current": 3200.0,
            "min": 1200.0,
            "max": 3200.0
        },
        {
            "current": 4097.711,
            "min": 1200.0,
            "max": 3200.0
        },
        {
            "current": 3279.506,
            "min": 1200.0,
            "max": 3200.0
        },
        {
            "current": 3422.647,
            "min": 1200.0,
            "max": 3200.0
        },
        {
            "current": 3387.156,
            "min": 1200.0,
            "max": 3200.0
        },
        {
            "current": 3838.581,
            "min": 1200.0,
            "max": 3200.0
        },
        {
            "current": 3803.781,
            "min": 1200.0,
            "max": 3200.0
        },
        {
            "current": 3200.0,
            "min": 1200.0,
            "max": 3200.0
        }
    ],
    "disk": {
        "total": 369.9562339782715,
        "used": 269.49009704589844
    },
    "gpu": "NVIDIA GeForce GTX 1650 with Max-Q Design",
    "gpu_count": 1,
    "gpu_devices": [
        {
            "name": "NVIDIA GeForce GTX 1650 with Max-Q Design",
            "memory_total": 4294967296
        }
    ],
    "memory": {
        "total": 15.034568786621094
    }
}
