{
    "os": "Linux-6.2.12-arch1-g14-3-x86_64-with-glibc2.35",
    "python": "3.9.16",
    "heartbeatAt": "2023-05-05T15:33:01.787931",
    "startedAt": "2023-05-05T15:33:00.868439",
    "docker": null,
    "cuda": null,
    "args": [],
    "state": "running",
    "program": "/home/gene.jax/run.py",
    "codePath": "run.py",
    "git": {
        "remote": null,
        "commit": null
    },
    "email": "arxaqapi@protonmail.com",
    "root": "/home/gene.jax",
    "host": "5c8f34ddc4ac",
    "username": "flipidi",
    "executable": "/usr/bin/python",
    "cpu_count": 8,
    "cpu_count_logical": 16,
    "cpu_freq": {
        "current": 2454.2283749999997,
        "min": 1200.0,
        "max": 3200.0
    },
    "cpu_freq_per_core": [
        {
            "current": 1797.099,
            "min": 1200.0,
            "max": 3200.0
        },
        {
            "current": 2084.842,
            "min": 1200.0,
            "max": 3200.0
        },
        {
            "current": 1200.0,
            "min": 1200.0,
            "max": 3200.0
        },
        {
            "current": 3216.989,
            "min": 1200.0,
            "max": 3200.0
        },
        {
            "current": 3561.434,
            "min": 1200.0,
            "max": 3200.0
        },
        {
            "current": 2720.302,
            "min": 1200.0,
            "max": 3200.0
        },
        {
            "current": 3512.135,
            "min": 1200.0,
            "max": 3200.0
        },
        {
            "current": 1624.626,
            "min": 1200.0,
            "max": 3200.0
        },
        {
            "current": 3490.139,
            "min": 1200.0,
            "max": 3200.0
        },
        {
            "current": 3485.726,
            "min": 1200.0,
            "max": 3200.0
        },
        {
            "current": 2470.154,
            "min": 1200.0,
            "max": 3200.0
        },
        {
            "current": 1438.368,
            "min": 1200.0,
            "max": 3200.0
        },
        {
            "current": 3055.93,
            "min": 1200.0,
            "max": 3200.0
        },
        {
            "current": 1253.569,
            "min": 1200.0,
            "max": 3200.0
        },
        {
            "current": 1394.867,
            "min": 1200.0,
            "max": 3200.0
        },
        {
            "current": 2961.474,
            "min": 1200.0,
            "max": 3200.0
        }
    ],
    "disk": {
        "total": 369.9562339782715,
        "used": 269.50037002563477
    },
    "gpu": "NVIDIA GeForce GTX 1650 with Max-Q Design",
    "gpu_count": 1,
    "gpu_devices": [
        {
            "name": "NVIDIA GeForce GTX 1650 with Max-Q Design",
            "memory_total": 4294967296
        }
    ],
    "memory": {
        "total": 15.034568786621094
    }
}
