{
    "os": "Linux-6.2.12-arch1-g14-3-x86_64-with-glibc2.35",
    "python": "3.9.16",
    "heartbeatAt": "2023-05-05T14:56:58.072373",
    "startedAt": "2023-05-05T14:56:57.252061",
    "docker": null,
    "cuda": null,
    "args": [],
    "state": "running",
    "program": "/home/gene.jax/run.py",
    "codePath": "run.py",
    "git": {
        "remote": null,
        "commit": null
    },
    "email": "arxaqapi@protonmail.com",
    "root": "/home/gene.jax",
    "host": "5c8f34ddc4ac",
    "username": "flipidi",
    "executable": "/usr/bin/python",
    "cpu_count": 8,
    "cpu_count_logical": 16,
    "cpu_freq": {
        "current": 2293.664875,
        "min": 1200.0,
        "max": 3200.0
    },
    "cpu_freq_per_core": [
        {
            "current": 1200.0,
            "min": 1200.0,
            "max": 3200.0
        },
        {
            "current": 4282.408,
            "min": 1200.0,
            "max": 3200.0
        },
        {
            "current": 3391.626,
            "min": 1200.0,
            "max": 3200.0
        },
        {
            "current": 3333.133,
            "min": 1200.0,
            "max": 3200.0
        },
        {
            "current": 1401.057,
            "min": 1200.0,
            "max": 3200.0
        },
        {
            "current": 4270.554,
            "min": 1200.0,
            "max": 3200.0
        },
        {
            "current": 3432.589,
            "min": 1200.0,
            "max": 3200.0
        },
        {
            "current": 3297.841,
            "min": 1200.0,
            "max": 3200.0
        },
        {
            "current": 3438.738,
            "min": 1200.0,
            "max": 3200.0
        },
        {
            "current": 3424.281,
            "min": 1200.0,
            "max": 3200.0
        },
        {
            "current": 3890.326,
            "min": 1200.0,
            "max": 3200.0
        },
        {
            "current": 1200.0,
            "min": 1200.0,
            "max": 3200.0
        },
        {
            "current": 3486.498,
            "min": 1200.0,
            "max": 3200.0
        },
        {
            "current": 4121.711,
            "min": 1200.0,
            "max": 3200.0
        },
        {
            "current": 3459.995,
            "min": 1200.0,
            "max": 3200.0
        },
        {
            "current": 3458.964,
            "min": 1200.0,
            "max": 3200.0
        }
    ],
    "disk": {
        "total": 369.9562339782715,
        "used": 269.48749923706055
    },
    "gpu": "NVIDIA GeForce GTX 1650 with Max-Q Design",
    "gpu_count": 1,
    "gpu_devices": [
        {
            "name": "NVIDIA GeForce GTX 1650 with Max-Q Design",
            "memory_total": 4294967296
        }
    ],
    "memory": {
        "total": 15.034568786621094
    }
}
