{
    "os": "Linux-6.2.12-arch1-g14-3-x86_64-with-glibc2.35",
    "python": "3.9.16",
    "heartbeatAt": "2023-05-05T14:30:00.673869",
    "startedAt": "2023-05-05T14:29:59.747015",
    "docker": null,
    "cuda": null,
    "args": [],
    "state": "running",
    "program": "/home/gene.jax/test.py",
    "codePath": "test.py",
    "git": {
        "remote": null,
        "commit": null
    },
    "email": "arxaqapi@protonmail.com",
    "root": "/home/gene.jax",
    "host": "5c8f34ddc4ac",
    "username": "flipidi",
    "executable": "/usr/bin/python3",
    "cpu_count": 8,
    "cpu_count_logical": 16,
    "cpu_freq": {
        "current": 3247.6305625000005,
        "min": 1200.0,
        "max": 3200.0
    },
    "cpu_freq_per_core": [
        {
            "current": 3649.178,
            "min": 1200.0,
            "max": 3200.0
        },
        {
            "current": 2852.943,
            "min": 1200.0,
            "max": 3200.0
        },
        {
            "current": 3687.346,
            "min": 1200.0,
            "max": 3200.0
        },
        {
            "current": 3697.577,
            "min": 1200.0,
            "max": 3200.0
        },
        {
            "current": 3293.645,
            "min": 1200.0,
            "max": 3200.0
        },
        {
            "current": 3388.693,
            "min": 1200.0,
            "max": 3200.0
        },
        {
            "current": 3960.38,
            "min": 1200.0,
            "max": 3200.0
        },
        {
            "current": 2807.575,
            "min": 1200.0,
            "max": 3200.0
        },
        {
            "current": 3345.377,
            "min": 1200.0,
            "max": 3200.0
        },
        {
            "current": 3374.436,
            "min": 1200.0,
            "max": 3200.0
        },
        {
            "current": 3329.747,
            "min": 1200.0,
            "max": 3200.0
        },
        {
            "current": 3295.029,
            "min": 1200.0,
            "max": 3200.0
        },
        {
            "current": 4158.362,
            "min": 1200.0,
            "max": 3200.0
        },
        {
            "current": 4128.397,
            "min": 1200.0,
            "max": 3200.0
        },
        {
            "current": 3790.646,
            "min": 1200.0,
            "max": 3200.0
        },
        {
            "current": 1200.0,
            "min": 1200.0,
            "max": 3200.0
        }
    ],
    "disk": {
        "total": 369.9562339782715,
        "used": 269.4738121032715
    },
    "gpu": "NVIDIA GeForce GTX 1650 with Max-Q Design",
    "gpu_count": 1,
    "gpu_devices": [
        {
            "name": "NVIDIA GeForce GTX 1650 with Max-Q Design",
            "memory_total": 4294967296
        }
    ],
    "memory": {
        "total": 15.034568786621094
    }
}
