{
    "os": "Linux-6.2.12-arch1-g14-3-x86_64-with-glibc2.35",
    "python": "3.9.16",
    "heartbeatAt": "2023-05-05T16:02:34.314015",
    "startedAt": "2023-05-05T16:02:33.423192",
    "docker": null,
    "cuda": null,
    "args": [],
    "state": "running",
    "program": "/home/gene.jax/run_brax_2.py",
    "codePath": "run_brax_2.py",
    "git": {
        "remote": null,
        "commit": null
    },
    "email": "arxaqapi@protonmail.com",
    "root": "/home/gene.jax",
    "host": "5c8f34ddc4ac",
    "username": "flipidi",
    "executable": "/usr/bin/python3",
    "cpu_count": 8,
    "cpu_count_logical": 16,
    "cpu_freq": {
        "current": 3617.6274375000003,
        "min": 1200.0,
        "max": 3200.0
    },
    "cpu_freq_per_core": [
        {
            "current": 3436.251,
            "min": 1200.0,
            "max": 3200.0
        },
        {
            "current": 3285.795,
            "min": 1200.0,
            "max": 3200.0
        },
        {
            "current": 3290.559,
            "min": 1200.0,
            "max": 3200.0
        },
        {
            "current": 3327.594,
            "min": 1200.0,
            "max": 3200.0
        },
        {
            "current": 3935.702,
            "min": 1200.0,
            "max": 3200.0
        },
        {
            "current": 3822.285,
            "min": 1200.0,
            "max": 3200.0
        },
        {
            "current": 3768.456,
            "min": 1200.0,
            "max": 3200.0
        },
        {
            "current": 3660.491,
            "min": 1200.0,
            "max": 3200.0
        },
        {
            "current": 3282.888,
            "min": 1200.0,
            "max": 3200.0
        },
        {
            "current": 3303.99,
            "min": 1200.0,
            "max": 3200.0
        },
        {
            "current": 4099.743,
            "min": 1200.0,
            "max": 3200.0
        },
        {
            "current": 4101.913,
            "min": 1200.0,
            "max": 3200.0
        },
        {
            "current": 3287.491,
            "min": 1200.0,
            "max": 3200.0
        },
        {
            "current": 4103.461,
            "min": 1200.0,
            "max": 3200.0
        },
        {
            "current": 3600.071,
            "min": 1200.0,
            "max": 3200.0
        },
        {
            "current": 3575.349,
            "min": 1200.0,
            "max": 3200.0
        }
    ],
    "disk": {
        "total": 369.9562339782715,
        "used": 269.5078887939453
    },
    "gpu": "NVIDIA GeForce GTX 1650 with Max-Q Design",
    "gpu_count": 1,
    "gpu_devices": [
        {
            "name": "NVIDIA GeForce GTX 1650 with Max-Q Design",
            "memory_total": 4294967296
        }
    ],
    "memory": {
        "total": 15.034568786621094
    }
}
