{
    "os": "Linux-6.2.12-arch1-g14-3-x86_64-with-glibc2.35",
    "python": "3.9.16",
    "heartbeatAt": "2023-05-05T14:34:47.455970",
    "startedAt": "2023-05-05T14:34:46.685211",
    "docker": null,
    "cuda": null,
    "args": [],
    "state": "running",
    "program": "/home/gene.jax/test.py",
    "codePath": "test.py",
    "git": {
        "remote": null,
        "commit": null
    },
    "email": "arxaqapi@protonmail.com",
    "root": "/home/gene.jax",
    "host": "5c8f34ddc4ac",
    "username": "flipidi",
    "executable": "/usr/bin/python3",
    "cpu_count": 8,
    "cpu_count_logical": 16,
    "cpu_freq": {
        "current": 2630.4010625,
        "min": 1200.0,
        "max": 3200.0
    },
    "cpu_freq_per_core": [
        {
            "current": 3426.164,
            "min": 1200.0,
            "max": 3200.0
        },
        {
            "current": 1980.265,
            "min": 1200.0,
            "max": 3200.0
        },
        {
            "current": 3864.755,
            "min": 1200.0,
            "max": 3200.0
        },
        {
            "current": 1200.0,
            "min": 1200.0,
            "max": 3200.0
        },
        {
            "current": 3125.696,
            "min": 1200.0,
            "max": 3200.0
        },
        {
            "current": 3471.907,
            "min": 1200.0,
            "max": 3200.0
        },
        {
            "current": 2097.796,
            "min": 1200.0,
            "max": 3200.0
        },
        {
            "current": 4130.754,
            "min": 1200.0,
            "max": 3200.0
        },
        {
            "current": 4103.421,
            "min": 1200.0,
            "max": 3200.0
        },
        {
            "current": 4248.772,
            "min": 1200.0,
            "max": 3200.0
        },
        {
            "current": 3325.544,
            "min": 1200.0,
            "max": 3200.0
        },
        {
            "current": 1951.092,
            "min": 1200.0,
            "max": 3200.0
        },
        {
            "current": 3428.909,
            "min": 1200.0,
            "max": 3200.0
        },
        {
            "current": 1200.0,
            "min": 1200.0,
            "max": 3200.0
        },
        {
            "current": 3815.455,
            "min": 1200.0,
            "max": 3200.0
        },
        {
            "current": 1631.684,
            "min": 1200.0,
            "max": 3200.0
        }
    ],
    "disk": {
        "total": 369.9562339782715,
        "used": 269.47728729248047
    },
    "gpu": "NVIDIA GeForce GTX 1650 with Max-Q Design",
    "gpu_count": 1,
    "gpu_devices": [
        {
            "name": "NVIDIA GeForce GTX 1650 with Max-Q Design",
            "memory_total": 4294967296
        }
    ],
    "memory": {
        "total": 15.034568786621094
    }
}
