{
    "os": "Linux-6.2.12-arch1-g14-3-x86_64-with-glibc2.35",
    "python": "3.9.16",
    "heartbeatAt": "2023-05-05T12:30:33.718792",
    "startedAt": "2023-05-05T12:30:33.042132",
    "docker": null,
    "cuda": null,
    "args": [],
    "state": "running",
    "program": "/home/gene.jax/test.py",
    "codePath": "test.py",
    "git": {
        "remote": null,
        "commit": null
    },
    "email": "arxaqapi@protonmail.com",
    "root": "/home/gene.jax",
    "host": "5c8f34ddc4ac",
    "username": "flipidi",
    "executable": "/usr/bin/python3",
    "cpu_count": 8,
    "cpu_count_logical": 16,
    "cpu_freq": {
        "current": 2562.1170625,
        "min": 1200.0,
        "max": 3200.0
    },
    "cpu_freq_per_core": [
        {
            "current": 3061.674,
            "min": 1200.0,
            "max": 3200.0
        },
        {
            "current": 2902.651,
            "min": 1200.0,
            "max": 3200.0
        },
        {
            "current": 3358.348,
            "min": 1200.0,
            "max": 3200.0
        },
        {
            "current": 1437.775,
            "min": 1200.0,
            "max": 3200.0
        },
        {
            "current": 2823.083,
            "min": 1200.0,
            "max": 3200.0
        },
        {
            "current": 1200.0,
            "min": 1200.0,
            "max": 3200.0
        },
        {
            "current": 4209.8,
            "min": 1200.0,
            "max": 3200.0
        },
        {
            "current": 1200.0,
            "min": 1200.0,
            "max": 3200.0
        },
        {
            "current": 3079.721,
            "min": 1200.0,
            "max": 3200.0
        },
        {
            "current": 1200.0,
            "min": 1200.0,
            "max": 3200.0
        },
        {
            "current": 1644.547,
            "min": 1200.0,
            "max": 3200.0
        },
        {
            "current": 3398.795,
            "min": 1200.0,
            "max": 3200.0
        },
        {
            "current": 3730.481,
            "min": 1200.0,
            "max": 3200.0
        },
        {
            "current": 1200.0,
            "min": 1200.0,
            "max": 3200.0
        },
        {
            "current": 3346.998,
            "min": 1200.0,
            "max": 3200.0
        },
        {
            "current": 3200.0,
            "min": 1200.0,
            "max": 3200.0
        }
    ],
    "disk": {
        "total": 369.9562339782715,
        "used": 269.47924041748047
    },
    "gpu": "NVIDIA GeForce GTX 1650 with Max-Q Design",
    "gpu_count": 1,
    "gpu_devices": [
        {
            "name": "NVIDIA GeForce GTX 1650 with Max-Q Design",
            "memory_total": 4294967296
        }
    ],
    "memory": {
        "total": 15.034568786621094
    }
}
