{
    "os": "Linux-6.2.12-arch1-g14-3-x86_64-with-glibc2.35",
    "python": "3.9.16",
    "heartbeatAt": "2023-05-05T16:01:54.717607",
    "startedAt": "2023-05-05T16:01:53.866799",
    "docker": null,
    "cuda": null,
    "args": [],
    "state": "running",
    "program": "/home/gene.jax/run_brax_2.py",
    "codePath": "run_brax_2.py",
    "git": {
        "remote": null,
        "commit": null
    },
    "email": "arxaqapi@protonmail.com",
    "root": "/home/gene.jax",
    "host": "5c8f34ddc4ac",
    "username": "flipidi",
    "executable": "/usr/bin/python3",
    "cpu_count": 8,
    "cpu_count_logical": 16,
    "cpu_freq": {
        "current": 2754.9037499999995,
        "min": 1200.0,
        "max": 3200.0
    },
    "cpu_freq_per_core": [
        {
            "current": 3456.468,
            "min": 1200.0,
            "max": 3200.0
        },
        {
            "current": 3477.398,
            "min": 1200.0,
            "max": 3200.0
        },
        {
            "current": 1200.0,
            "min": 1200.0,
            "max": 3200.0
        },
        {
            "current": 4296.392,
            "min": 1200.0,
            "max": 3200.0
        },
        {
            "current": 3200.0,
            "min": 1200.0,
            "max": 3200.0
        },
        {
            "current": 3407.289,
            "min": 1200.0,
            "max": 3200.0
        },
        {
            "current": 3427.297,
            "min": 1200.0,
            "max": 3200.0
        },
        {
            "current": 2739.597,
            "min": 1200.0,
            "max": 3200.0
        },
        {
            "current": 2694.035,
            "min": 1200.0,
            "max": 3200.0
        },
        {
            "current": 1200.0,
            "min": 1200.0,
            "max": 3200.0
        },
        {
            "current": 3428.702,
            "min": 1200.0,
            "max": 3200.0
        },
        {
            "current": 2759.009,
            "min": 1200.0,
            "max": 3200.0
        },
        {
            "current": 3418.861,
            "min": 1200.0,
            "max": 3200.0
        },
        {
            "current": 1200.0,
            "min": 1200.0,
            "max": 3200.0
        },
        {
            "current": 2973.412,
            "min": 1200.0,
            "max": 3200.0
        },
        {
            "current": 1200.0,
            "min": 1200.0,
            "max": 3200.0
        }
    ],
    "disk": {
        "total": 369.9562339782715,
        "used": 269.50885009765625
    },
    "gpu": "NVIDIA GeForce GTX 1650 with Max-Q Design",
    "gpu_count": 1,
    "gpu_devices": [
        {
            "name": "NVIDIA GeForce GTX 1650 with Max-Q Design",
            "memory_total": 4294967296
        }
    ],
    "memory": {
        "total": 15.034568786621094
    }
}
